caller	junction_id	genome_build	strand	peptide	record_level	frame_shift	event_type	transcript_id	presentation_class	presentation_score	presentation_percentile	provenance
asneo		hg19		GENEEESEAK	peptide		junction					{"source": "asneo"}
asneo		hg19		STGQGAND	peptide		junction					{"source": "asneo"}
asneo		hg19		PGRSCSWRR	peptide		junction					{"source": "asneo"}
asneo		hg19		LEARLEEEESA	peptide		junction					{"source": "asneo"}
asneo		hg19		STSTGQGAND	peptide		junction					{"source": "asneo"}
asneo		hg19		KELEKDFSSMK	peptide		junction					{"source": "asneo"}
asneo		hg19		EICHDLEARL	peptide		junction					{"source": "asneo"}
asneo		hg19		RSSEEVKRD	peptide		junction					{"source": "asneo"}
asneo		hg19		PEITPDNQSDG	peptide		junction					{"source": "asneo"}
asneo		hg19		NWPQFEEE	peptide		junction					{"source": "asneo"}
asneo		hg19		RCSRTSRSLR	peptide		junction					{"source": "asneo"}
asneo		hg19		GEPHPAAWEMH	peptide		junction					{"source": "asneo"}
asneo		hg19		NEEESEAK	peptide		junction					{"source": "asneo"}
asneo		hg19		TGQGANDMAL	peptide		junction					{"source": "asneo"}
asneo		hg19		DNQSDGGGTLT	peptide		junction					{"source": "asneo"}
asneo		hg19		KRALEQQSEEK	peptide		junction					{"source": "asneo"}
asneo		hg19		LLLHSQES	peptide		junction					{"source": "asneo"}
asneo		hg19		HSQARGELANE	peptide		junction					{"source": "asneo"}
asneo		hg19		RSTSTGQG	peptide		junction					{"source": "asneo"}
asneo		hg19		LILQPKPVD	peptide		junction					{"source": "asneo"}
asneo		hg19		SRQEEEMMAR	peptide		junction					{"source": "asneo"}
asneo		hg19		NWQWWRRR	peptide		junction					{"source": "asneo"}
asneo		hg19		EQQSEEKKK	peptide		junction					{"source": "asneo"}
asneo		hg19		FILEQGTHPK	peptide		junction					{"source": "asneo"}
asneo		hg19		RRSSEEVK	peptide		junction					{"source": "asneo"}
asneo		hg19		WRRRRRCSRTS	peptide		junction					{"source": "asneo"}
asneo		hg19		RRLATVEEILD	peptide		junction					{"source": "asneo"}
asneo		hg19		SGEPHPAAW	peptide		junction					{"source": "asneo"}
asneo		hg19		RPGSKVNKKEL	peptide		junction					{"source": "asneo"}
asneo		hg19		KGYKGETKKLP	peptide		junction					{"source": "asneo"}
asneo		hg19		KPVDTFRV	peptide		junction					{"source": "asneo"}
asneo		hg19		RRSSEEVKR	peptide		junction					{"source": "asneo"}
asneo		hg19		RSSWRRRR	peptide		junction					{"source": "asneo"}
asneo		hg19		PSPQHIYLS	peptide		junction					{"source": "asneo"}
asneo		hg19		EITPDNQSDGG	peptide		junction					{"source": "asneo"}
asneo		hg19		ITPDNQSDG	peptide		junction					{"source": "asneo"}
asneo		hg19		EGQEHDELSKM	peptide		junction					{"source": "asneo"}
asneo		hg19		RVIAHTQVSP	peptide		junction					{"source": "asneo"}
asneo		hg19		VIAHTQVSP	peptide		junction					{"source": "asneo"}
asneo		hg19		KGETKKLP	peptide		junction					{"source": "asneo"}
asneo		hg19		VNKKELEKDFS	peptide		junction					{"source": "asneo"}
asneo		hg19		KKAFTKYCQVI	peptide		junction					{"source": "asneo"}
asneo		hg19		QWWRRRRRC	peptide		junction					{"source": "asneo"}
asneo		hg19		TKRSTSTGQG	peptide		junction					{"source": "asneo"}
asneo		hg19		ELEKDFSSMK	peptide		junction					{"source": "asneo"}
asneo		hg19		DIGVSGEPHPA	peptide		junction					{"source": "asneo"}
asneo		hg19		TKYCQVIR	peptide		junction					{"source": "asneo"}
asneo		hg19		KVNKKELEKD	peptide		junction					{"source": "asneo"}
asneo		hg19		EEEMMARVEEE	peptide		junction					{"source": "asneo"}
asneo		hg19		RTSRSLRS	peptide		junction					{"source": "asneo"}
asneo		hg19		SPEITPDN	peptide		junction					{"source": "asneo"}
asneo		hg19		HDELSKMEDE	peptide		junction					{"source": "asneo"}
asneo		hg19		ALEQQSEEKKK	peptide		junction					{"source": "asneo"}
asneo		hg19		RAPGRSCSWRR	peptide		junction					{"source": "asneo"}
asneo		hg19		ETKKLPRKT	peptide		junction					{"source": "asneo"}
asneo		hg19		LSVSRRSSEEV	peptide		junction					{"source": "asneo"}
asneo		hg19		RTSRSLRSS	peptide		junction					{"source": "asneo"}
asneo		hg19		ELQGRDEQ	peptide		junction					{"source": "asneo"}
asneo		hg19		KSKRALEQQSE	peptide		junction					{"source": "asneo"}
asneo		hg19		ARGELANE	peptide		junction					{"source": "asneo"}
asneo		hg19		RRRCSRTSRS	peptide		junction					{"source": "asneo"}
asneo		hg19		EELEDELQGR	peptide		junction					{"source": "asneo"}
asneo		hg19		WPQFEEEEWSA	peptide		junction					{"source": "asneo"}
asneo		hg19		IRVIAHTQVS	peptide		junction					{"source": "asneo"}
asneo		hg19		ATVEEILD	peptide		junction					{"source": "asneo"}
asneo		hg19		EEEMMARV	peptide		junction					{"source": "asneo"}
asneo		hg19		SEEVKRDIS	peptide		junction					{"source": "asneo"}
asneo		hg19		STSTGQGAN	peptide		junction					{"source": "asneo"}
asneo		hg19		ELEDELQGR	peptide		junction					{"source": "asneo"}
asneo		hg19		EPHPAAWEMH	peptide		junction					{"source": "asneo"}
asneo		hg19		FEEEEWSAD	peptide		junction					{"source": "asneo"}
asneo		hg19		YKGETKKL	peptide		junction					{"source": "asneo"}
asneo		hg19		ALEQQSEEKK	peptide		junction					{"source": "asneo"}
asneo		hg19		FEEEEWSADLN	peptide		junction					{"source": "asneo"}
asneo		hg19		RRRRAPGRS	peptide		junction					{"source": "asneo"}
asneo		hg19		SEEVKRDISA	peptide		junction					{"source": "asneo"}
asneo		hg19		LEQQSEEKKK	peptide		junction					{"source": "asneo"}
asneo		hg19		VSGEPHPAA	peptide		junction					{"source": "asneo"}
asneo		hg19		KVNKKELEK	peptide		junction					{"source": "asneo"}
asneo		hg19		EEEEWSADLN	peptide		junction					{"source": "asneo"}
asneo		hg19		WWRRRRRCS	peptide		junction					{"source": "asneo"}
asneo		hg19		AMNWPQFEEE	peptide		junction					{"source": "asneo"}
asneo		hg19		GLRETWRCTV	peptide		junction					{"source": "asneo"}
asneo		hg19		DEEGENEEESE	peptide		junction					{"source": "asneo"}
asneo		hg19		GQEHDELSKM	peptide		junction					{"source": "asneo"}
asneo		hg19		IAHTQVSPK	peptide		junction					{"source": "asneo"}
asneo		hg19		DIGVSGEPHP	peptide		junction					{"source": "asneo"}
asneo		hg19		LRETWRCTV	peptide		junction					{"source": "asneo"}
asneo		hg19		TGQGANDM	peptide		junction					{"source": "asneo"}
asneo		hg19		SQARGELANEV	peptide		junction					{"source": "asneo"}
asneo		hg19		STGQGANDM	peptide		junction					{"source": "asneo"}
asneo		hg19		SEEVKRDI	peptide		junction					{"source": "asneo"}
asneo		hg19		TVEEILDGNDE	peptide		junction					{"source": "asneo"}
asneo		hg19		RLATVEEIL	peptide		junction					{"source": "asneo"}
asneo		hg19		RSLRSSWR	peptide		junction					{"source": "asneo"}
asneo		hg19		RSLRSSWRR	peptide		junction					{"source": "asneo"}
asneo		hg19		VSPKKAHL	peptide		junction					{"source": "asneo"}
asneo		hg19		STGQGANDMA	peptide		junction					{"source": "asneo"}
asneo		hg19		MAMNWPQFEEE	peptide		junction					{"source": "asneo"}
asneo		hg19		RSSEEVKR	peptide		junction					{"source": "asneo"}
asneo		hg19		GSKVNKKELE	peptide		junction					{"source": "asneo"}
asneo		hg19		TQVSPKKAHLM	peptide		junction					{"source": "asneo"}
asneo		hg19		RAPGRSCSW	peptide		junction					{"source": "asneo"}
asneo		hg19		PKKAHLMEIQV	peptide		junction					{"source": "asneo"}
asneo		hg19		WWRRRRRCSR	peptide		junction					{"source": "asneo"}
asneo		hg19		EDELQGRDEQ	peptide		junction					{"source": "asneo"}
asneo		hg19		ELEDELQGRD	peptide		junction					{"source": "asneo"}
asneo		hg19		YEGQEHDELSK	peptide		junction					{"source": "asneo"}
asneo		hg19		QEEEMMARVEE	peptide		junction					{"source": "asneo"}
asneo		hg19		MARVEEEEE	peptide		junction					{"source": "asneo"}
asneo		hg19		EDELQGRD	peptide		junction					{"source": "asneo"}
asneo		hg19		EPHPAAWEMHS	peptide		junction					{"source": "asneo"}
asneo		hg19		RQKHSQARGE	peptide		junction					{"source": "asneo"}
asneo		hg19		TSTGQGANDMA	peptide		junction					{"source": "asneo"}
asneo		hg19		RRCSRTSR	peptide		junction					{"source": "asneo"}
asneo		hg19		ETKKLPRK	peptide		junction					{"source": "asneo"}
asneo		hg19		RRRAPGRSCS	peptide		junction					{"source": "asneo"}
asneo		hg19		ELEKDFSSMKK	peptide		junction					{"source": "asneo"}
asneo		hg19		DELQGRDEQSE	peptide		junction					{"source": "asneo"}
asneo		hg19		VIAHTQVS	peptide		junction					{"source": "asneo"}
asneo		hg19		DNQSDGGG	peptide		junction					{"source": "asneo"}
asneo		hg19		RSSEEVKRDI	peptide		junction					{"source": "asneo"}
asneo		hg19		MARVEEEE	peptide		junction					{"source": "asneo"}
asneo		hg19		EGQEHDELSK	peptide		junction					{"source": "asneo"}
asneo		hg19		SLRSSWRRRR	peptide		junction					{"source": "asneo"}
asneo		hg19		NHTMFILEQG	peptide		junction					{"source": "asneo"}
asneo		hg19		ELEDELQGRDE	peptide		junction					{"source": "asneo"}
asneo		hg19		SRSLRSSWRR	peptide		junction					{"source": "asneo"}
asneo		hg19		CRTLGLRETWR	peptide		junction					{"source": "asneo"}
asneo		hg19		EELEDELQGRD	peptide		junction					{"source": "asneo"}
asneo		hg19		NWQWWRRRR	peptide		junction					{"source": "asneo"}
asneo		hg19		FEEEEWSA	peptide		junction					{"source": "asneo"}
asneo		hg19		CSRTSRSLR	peptide		junction					{"source": "asneo"}
asneo		hg19		HPAAWEMH	peptide		junction					{"source": "asneo"}
asneo		hg19		RLEEEESA	peptide		junction					{"source": "asneo"}
asneo		hg19		SDIGVSGEPHP	peptide		junction					{"source": "asneo"}
asneo		hg19		PKKASKPKKAK	peptide		junction					{"source": "asneo"}
asneo		hg19		QFEEEEWSADL	peptide		junction					{"source": "asneo"}
asneo		hg19		QPKPVDTFRV	peptide		junction					{"source": "asneo"}
asneo		hg19		SEEVKRDISAQ	peptide		junction					{"source": "asneo"}
asneo		hg19		LRSSWRRRR	peptide		junction					{"source": "asneo"}
asneo		hg19		RSSWRRRRAP	peptide		junction					{"source": "asneo"}
asneo		hg19		QEHDELSKM	peptide		junction					{"source": "asneo"}
asneo		hg19		TPDNQSDG	peptide		junction					{"source": "asneo"}
asneo		hg19		VTKGKGYKGE	peptide		junction					{"source": "asneo"}
asneo		hg19		SRTSRSLRS	peptide		junction					{"source": "asneo"}
asneo		hg19		HTQVSPKKA	peptide		junction					{"source": "asneo"}
asneo		hg19		HSQARGELA	peptide		junction					{"source": "asneo"}
asneo		hg19		MFILEQGTHP	peptide		junction					{"source": "asneo"}
asneo		hg19		ITPDNQSD	peptide		junction					{"source": "asneo"}
asneo		hg19		WQWWRRRRRC	peptide		junction					{"source": "asneo"}
asneo		hg19		ALILQPKPVDT	peptide		junction					{"source": "asneo"}
asneo		hg19		EEVKRDISAQE	peptide		junction					{"source": "asneo"}
asneo		hg19		RSTSTGQGA	peptide		junction					{"source": "asneo"}
asneo		hg19		LGLRETWRC	peptide		junction					{"source": "asneo"}
asneo		hg19		LPSPQHIYLS	peptide		junction					{"source": "asneo"}
asneo		hg19		LEELEDELQG	peptide		junction					{"source": "asneo"}
asneo		hg19		QVSPKKAH	peptide		junction					{"source": "asneo"}
asneo		hg19		HDLEARLEE	peptide		junction					{"source": "asneo"}
asneo		hg19		KKELEKDFSS	peptide		junction					{"source": "asneo"}
asneo		hg19		EICHDLEARLE	peptide		junction					{"source": "asneo"}
asneo		hg19		FTKYCQVIR	peptide		junction					{"source": "asneo"}
asneo		hg19		NEEESEAKR	peptide		junction					{"source": "asneo"}
asneo		hg19		WRRRRRCSRT	peptide		junction					{"source": "asneo"}
asneo		hg19		SKVNKKELE	peptide		junction					{"source": "asneo"}
asneo		hg19		QEHDELSKMED	peptide		junction					{"source": "asneo"}
asneo		hg19		VLSDIGVSG	peptide		junction					{"source": "asneo"}
asneo		hg19		TLGLRETWR	peptide		junction					{"source": "asneo"}
asneo		hg19		EEEWSADLNRT	peptide		junction					{"source": "asneo"}
asneo		hg19		EEICHDLEARL	peptide		junction					{"source": "asneo"}
asneo		hg19		ETKKLPRKTH	peptide		junction					{"source": "asneo"}
asneo		hg19		ALILQPKPVD	peptide		junction					{"source": "asneo"}
asneo		hg19		CSRTSRSL	peptide		junction					{"source": "asneo"}
asneo		hg19		LPSPQHIY	peptide		junction					{"source": "asneo"}
asneo		hg19		VSRRSSEEV	peptide		junction					{"source": "asneo"}
asneo		hg19		SRSLRSSWRRR	peptide		junction					{"source": "asneo"}
asneo		hg19		QKHSQARGE	peptide		junction					{"source": "asneo"}
asneo		hg19		HDLEARLEEEE	peptide		junction					{"source": "asneo"}
asneo		hg19		PAAWEMHS	peptide		junction					{"source": "asneo"}
asneo		hg19		MNWPQFEEEE	peptide		junction					{"source": "asneo"}
asneo		hg19		LEDELQGRDEQ	peptide		junction					{"source": "asneo"}
asneo		hg19		LSDIGVSGE	peptide		junction					{"source": "asneo"}
asneo		hg19		QQSEEKKKQ	peptide		junction					{"source": "asneo"}
asneo		hg19		KKELEKDFSSM	peptide		junction					{"source": "asneo"}
asneo		hg19		LPSPQHIYLSA	peptide		junction					{"source": "asneo"}
asneo		hg19		QKHSQARG	peptide		junction					{"source": "asneo"}
asneo		hg19		ELSKMEDEDEQ	peptide		junction					{"source": "asneo"}
asneo		hg19		EHDELSKMEDE	peptide		junction					{"source": "asneo"}
asneo		hg19		RTSRSLRSSW	peptide		junction					{"source": "asneo"}
asneo		hg19		VIAHTQVSPKK	peptide		junction					{"source": "asneo"}
asneo		hg19		PEITPDNQS	peptide		junction					{"source": "asneo"}
asneo		hg19		GEPHPAAWEM	peptide		junction					{"source": "asneo"}
asneo		hg19		SRSLRSSWR	peptide		junction					{"source": "asneo"}
asneo		hg19		DNQSDGGGT	peptide		junction					{"source": "asneo"}
asneo		hg19		EGENEEES	peptide		junction					{"source": "asneo"}
asneo		hg19		RALEQQSE	peptide		junction					{"source": "asneo"}
asneo		hg19		EGENEEESE	peptide		junction					{"source": "asneo"}
asneo		hg19		RCSRTSRSLRS	peptide		junction					{"source": "asneo"}
asneo		hg19		LEQGTHPKFQ	peptide		junction					{"source": "asneo"}
asneo		hg19		EEMMARVEEEE	peptide		junction					{"source": "asneo"}
asneo		hg19		DELSKMED	peptide		junction					{"source": "asneo"}
asneo		hg19		RTSRSLRSSWR	peptide		junction					{"source": "asneo"}
asneo		hg19		KELEKDFSS	peptide		junction					{"source": "asneo"}
asneo		hg19		CHDLEARLEE	peptide		junction					{"source": "asneo"}
asneo		hg19		EPHPAAWE	peptide		junction					{"source": "asneo"}
asneo		hg19		VIRVIAHTQVS	peptide		junction					{"source": "asneo"}
asneo		hg19		NHTMFILEQGT	peptide		junction					{"source": "asneo"}
asneo		hg19		DLIDQKVYEIQ	peptide		junction					{"source": "asneo"}
asneo		hg19		QVIRVIAHTQV	peptide		junction					{"source": "asneo"}
asneo		hg19		EMMARVEEE	peptide		junction					{"source": "asneo"}
asneo		hg19		KRSTSTGQ	peptide		junction					{"source": "asneo"}
asneo		hg19		PHPAAWEMH	peptide		junction					{"source": "asneo"}
asneo		hg19		EEMMARVEEE	peptide		junction					{"source": "asneo"}
asneo		hg19		APGRSCSWR	peptide		junction					{"source": "asneo"}
asneo		hg19		ENEEESEA	peptide		junction					{"source": "asneo"}
asneo		hg19		SPEALILQPKP	peptide		junction					{"source": "asneo"}
asneo		hg19		PEALILQPKPV	peptide		junction					{"source": "asneo"}
asneo		hg19		NWPQFEEEEWS	peptide		junction					{"source": "asneo"}
asneo		hg19		LSDIGVSG	peptide		junction					{"source": "asneo"}
asneo		hg19		PSPQHIYLSAR	peptide		junction					{"source": "asneo"}
asneo		hg19		KPKKAKKKL	peptide		junction					{"source": "asneo"}
asneo		hg19		SSEEVKRDISA	peptide		junction					{"source": "asneo"}
asneo		hg19		KAFTKYCQVI	peptide		junction					{"source": "asneo"}
asneo		hg19		LEQGTHPK	peptide		junction					{"source": "asneo"}
asneo		hg19		VKRDISAQEGA	peptide		junction					{"source": "asneo"}
asneo		hg19		SKMEDEDEQGW	peptide		junction					{"source": "asneo"}
asneo		hg19		RQKHSQAR	peptide		junction					{"source": "asneo"}
asneo		hg19		RRRCSRTS	peptide		junction					{"source": "asneo"}
asneo		hg19		IRVIAHTQV	peptide		junction					{"source": "asneo"}
asneo		hg19		LSKMEDED	peptide		junction					{"source": "asneo"}
asneo		hg19		TKGKGYKGE	peptide		junction					{"source": "asneo"}
asneo		hg19		LSPEITPDN	peptide		junction					{"source": "asneo"}
asneo		hg19		ILEQGTHPK	peptide		junction					{"source": "asneo"}
asneo		hg19		SQARGELA	peptide		junction					{"source": "asneo"}
asneo		hg19		GYKGETKKLP	peptide		junction					{"source": "asneo"}
asneo		hg19		QFEEEEWSA	peptide		junction					{"source": "asneo"}
asneo		hg19		TPDNQSDGG	peptide		junction					{"source": "asneo"}
asneo		hg19		TMFILEQGTHP	peptide		junction					{"source": "asneo"}
asneo		hg19		QEEEMMAR	peptide		junction					{"source": "asneo"}
asneo		hg19		SLSPEITPDN	peptide		junction					{"source": "asneo"}
asneo		hg19		ALPSPQHIYL	peptide		junction					{"source": "asneo"}
asneo		hg19		VNKKELEK	peptide		junction					{"source": "asneo"}
asneo		hg19		WRRRRAPGRS	peptide		junction					{"source": "asneo"}
asneo		hg19		LILQPKPV	peptide		junction					{"source": "asneo"}
asneo		hg19		EHDELSKM	peptide		junction					{"source": "asneo"}
asneo		hg19		TKYCQVIRVIA	peptide		junction					{"source": "asneo"}
asneo		hg19		RVIAHTQVSPK	peptide		junction					{"source": "asneo"}
asneo		hg19		GKGYKGETKK	peptide		junction					{"source": "asneo"}
asneo		hg19		LQPKPVDTFRV	peptide		junction					{"source": "asneo"}
asneo		hg19		FNHTMFILEQG	peptide		junction					{"source": "asneo"}
asneo		hg19		EEEMMARVEE	peptide		junction					{"source": "asneo"}
asneo		hg19		ENEEESEAKRL	peptide		junction					{"source": "asneo"}
asneo		hg19		GLRETWRC	peptide		junction					{"source": "asneo"}
asneo		hg19		EVKRDISAQE	peptide		junction					{"source": "asneo"}
asneo		hg19		TSRSLRSSW	peptide		junction					{"source": "asneo"}
asneo		hg19		APGRSCSWRR	peptide		junction					{"source": "asneo"}
asneo		hg19		NKKELEKDFS	peptide		junction					{"source": "asneo"}
asneo		hg19		SRRSSEEVKR	peptide		junction					{"source": "asneo"}
asneo		hg19		ILQPKPVDT	peptide		junction					{"source": "asneo"}
asneo		hg19		RSSWRRRRAPG	peptide		junction					{"source": "asneo"}
asneo		hg19		RQKHSQARG	peptide		junction					{"source": "asneo"}
asneo		hg19		RRRRCSRTSRS	peptide		junction					{"source": "asneo"}
asneo		hg19		KELEKDFS	peptide		junction					{"source": "asneo"}
asneo		hg19		RRCSRTSRS	peptide		junction					{"source": "asneo"}
asneo		hg19		RNWQWWRRR	peptide		junction					{"source": "asneo"}
asneo		hg19		AFTKYCQVI	peptide		junction					{"source": "asneo"}
asneo		hg19		RRCSRTSRSL	peptide		junction					{"source": "asneo"}
asneo		hg19		LILQPKPVDT	peptide		junction					{"source": "asneo"}
asneo		hg19		SSWRRRRAP	peptide		junction					{"source": "asneo"}
asneo		hg19		NKKELEKD	peptide		junction					{"source": "asneo"}
asneo		hg19		PQHIYLSAR	peptide		junction					{"source": "asneo"}
asneo		hg19		ELQGRDEQSEE	peptide		junction					{"source": "asneo"}
asneo		hg19		DLEARLEE	peptide		junction					{"source": "asneo"}
asneo		hg19		LILQPKPVDTF	peptide		junction					{"source": "asneo"}
asneo		hg19		RTLGLRETWR	peptide		junction					{"source": "asneo"}
asneo		hg19		QSLSPEITPD	peptide		junction					{"source": "asneo"}
asneo		hg19		SRRSSEEVK	peptide		junction					{"source": "asneo"}
asneo		hg19		QPKPVDTFR	peptide		junction					{"source": "asneo"}
asneo		hg19		KRALEQQSEE	peptide		junction					{"source": "asneo"}
asneo		hg19		GETKKLPRKTH	peptide		junction					{"source": "asneo"}
asneo		hg19		TSRSLRSS	peptide		junction					{"source": "asneo"}
asneo		hg19		HSQARGELAN	peptide		junction					{"source": "asneo"}
asneo		hg19		PKKAKKKLAA	peptide		junction					{"source": "asneo"}
asneo		hg19		TPDNQSDGGG	peptide		junction					{"source": "asneo"}
asneo		hg19		HDLEARLE	peptide		junction					{"source": "asneo"}
asneo		hg19		ASKPKKAKKKL	peptide		junction					{"source": "asneo"}
asneo		hg19		VSPKKAHLM	peptide		junction					{"source": "asneo"}
asneo		hg19		FILEQGTHP	peptide		junction					{"source": "asneo"}
asneo		hg19		ELSKMEDEDE	peptide		junction					{"source": "asneo"}
asneo		hg19		SSWRRRRA	peptide		junction					{"source": "asneo"}
asneo		hg19		HTMFILEQG	peptide		junction					{"source": "asneo"}
asneo		hg19		PSPQHIYL	peptide		junction					{"source": "asneo"}
asneo		hg19		LEARLEEE	peptide		junction					{"source": "asneo"}
asneo		hg19		KGKGYKGET	peptide		junction					{"source": "asneo"}
asneo		hg19		YKGETKKLPR	peptide		junction					{"source": "asneo"}
asneo		hg19		EARLEEEESAR	peptide		junction					{"source": "asneo"}
asneo		hg19		VLSDIGVSGE	peptide		junction					{"source": "asneo"}
asneo		hg19		QARGELANEV	peptide		junction					{"source": "asneo"}
asneo		hg19		LQPKPVDTF	peptide		junction					{"source": "asneo"}
asneo		hg19		GSKVNKKELEK	peptide		junction					{"source": "asneo"}
asneo		hg19		SKVNKKELEKD	peptide		junction					{"source": "asneo"}
asneo		hg19		SKRALEQQSE	peptide		junction					{"source": "asneo"}
asneo		hg19		KPKKAKKKLA	peptide		junction					{"source": "asneo"}
asneo		hg19		TQVSPKKAH	peptide		junction					{"source": "asneo"}
asneo		hg19		KGYKGETKKL	peptide		junction					{"source": "asneo"}
asneo		hg19		LSPEITPDNQ	peptide		junction					{"source": "asneo"}
asneo		hg19		TKRSTSTGQ	peptide		junction					{"source": "asneo"}
asneo		hg19		SSEEVKRDIS	peptide		junction					{"source": "asneo"}
asneo		hg19		KASKPKKAKK	peptide		junction					{"source": "asneo"}
asneo		hg19		WRRRRRCS	peptide		junction					{"source": "asneo"}
asneo		hg19		YQSLSPEITPD	peptide		junction					{"source": "asneo"}
asneo		hg19		RRRRAPGRSCS	peptide		junction					{"source": "asneo"}
asneo		hg19		SPKKAHLM	peptide		junction					{"source": "asneo"}
asneo		hg19		EEMMARVE	peptide		junction					{"source": "asneo"}
asneo		hg19		RSTSTGQGAN	peptide		junction					{"source": "asneo"}
asneo		hg19		RALEQQSEEKK	peptide		junction					{"source": "asneo"}
asneo		hg19		QSLSPEITPDN	peptide		junction					{"source": "asneo"}
asneo		hg19		SRQEEEMMARV	peptide		junction					{"source": "asneo"}
asneo		hg19		EMRQKHSQARG	peptide		junction					{"source": "asneo"}
asneo		hg19		RRRCSRTSRSL	peptide		junction					{"source": "asneo"}
asneo		hg19		DLEARLEEEE	peptide		junction					{"source": "asneo"}
asneo		hg19		AVLSDIGVSG	peptide		junction					{"source": "asneo"}
asneo		hg19		GETKKLPR	peptide		junction					{"source": "asneo"}
asneo		hg19		WWRRRRRC	peptide		junction					{"source": "asneo"}
asneo		hg19		SRRSSEEV	peptide		junction					{"source": "asneo"}
asneo		hg19		PQHIYLSA	peptide		junction					{"source": "asneo"}
asneo		hg19		RRRRCSRTSR	peptide		junction					{"source": "asneo"}
asneo		hg19		LEQGTHPKFQK	peptide		junction					{"source": "asneo"}
asneo		hg19		MMARVEEEEE	peptide		junction					{"source": "asneo"}
asneo		hg19		RRAPGRSCSWR	peptide		junction					{"source": "asneo"}
asneo		hg19		ELEDELQG	peptide		junction					{"source": "asneo"}
asneo		hg19		TMFILEQGTH	peptide		junction					{"source": "asneo"}
asneo		hg19		QARGELANE	peptide		junction					{"source": "asneo"}
asneo		hg19		RAPGRSCS	peptide		junction					{"source": "asneo"}
asneo		hg19		TKYCQVIRVI	peptide		junction					{"source": "asneo"}
asneo		hg19		QEHDELSKME	peptide		junction					{"source": "asneo"}
asneo		hg19		KAFTKYCQ	peptide		junction					{"source": "asneo"}
asneo		hg19		LEDELQGRD	peptide		junction					{"source": "asneo"}
asneo		hg19		DIGVSGEPH	peptide		junction					{"source": "asneo"}
asneo		hg19		RLATVEEI	peptide		junction					{"source": "asneo"}
asneo		hg19		VNKKELEKDF	peptide		junction					{"source": "asneo"}
asneo		hg19		RETWRCTV	peptide		junction					{"source": "asneo"}
asneo		hg19		KSKRALEQQS	peptide		junction					{"source": "asneo"}
asneo		hg19		QVSPKKAHL	peptide		junction					{"source": "asneo"}
asneo		hg19		ELQGRDEQSE	peptide		junction					{"source": "asneo"}
asneo		hg19		WWRRRRRCSRT	peptide		junction					{"source": "asneo"}
asneo		hg19		SGEPHPAA	peptide		junction					{"source": "asneo"}
asneo		hg19		RLATVEEILD	peptide		junction					{"source": "asneo"}
asneo		hg19		TLGLRETWRCT	peptide		junction					{"source": "asneo"}
asneo		hg19		RCSRTSRSL	peptide		junction					{"source": "asneo"}
asneo		hg19		ICHDLEARL	peptide		junction					{"source": "asneo"}
asneo		hg19		LGLRETWRCT	peptide		junction					{"source": "asneo"}
asneo		hg19		SWRRRRAPG	peptide		junction					{"source": "asneo"}
asneo		hg19		PQFEEEEWSAD	peptide		junction					{"source": "asneo"}
asneo		hg19		CSRTSRSLRS	peptide		junction					{"source": "asneo"}
asneo		hg19		PSPQHIYLSA	peptide		junction					{"source": "asneo"}
asneo		hg19		APGRSCSW	peptide		junction					{"source": "asneo"}
asneo		hg19		LSDIGVSGEP	peptide		junction					{"source": "asneo"}
asneo		hg19		DELSKMEDED	peptide		junction					{"source": "asneo"}
asneo		hg19		EQQSEEKKKQL	peptide		junction					{"source": "asneo"}
asneo		hg19		IRVIAHTQVSP	peptide		junction					{"source": "asneo"}
asneo		hg19		GVSGEPHPAA	peptide		junction					{"source": "asneo"}
asneo		hg19		PQFEEEEW	peptide		junction					{"source": "asneo"}
asneo		hg19		QQSEEKKKQL	peptide		junction					{"source": "asneo"}
asneo		hg19		EDELQGRDEQS	peptide		junction					{"source": "asneo"}
asneo		hg19		QVSPKKAHLME	peptide		junction					{"source": "asneo"}
asneo		hg19		RRAPGRSC	peptide		junction					{"source": "asneo"}
asneo		hg19		WPQFEEEE	peptide		junction					{"source": "asneo"}
asneo		hg19		LRSSWRRR	peptide		junction					{"source": "asneo"}
asneo		hg19		SVSRRSSEEVK	peptide		junction					{"source": "asneo"}
asneo		hg19		VSGEPHPAAWE	peptide		junction					{"source": "asneo"}
asneo		hg19		KAVLSDIGVSG	peptide		junction					{"source": "asneo"}
asneo		hg19		SRTSRSLRSSW	peptide		junction					{"source": "asneo"}
asneo		hg19		SRRSSEEVKRD	peptide		junction					{"source": "asneo"}
asneo		hg19		RVIAHTQVS	peptide		junction					{"source": "asneo"}
asneo		hg19		DNQSDGGGTL	peptide		junction					{"source": "asneo"}
asneo		hg19		MMARVEEEE	peptide		junction					{"source": "asneo"}
asneo		hg19		SLSPEITPDNQ	peptide		junction					{"source": "asneo"}
asneo		hg19		KKAFTKYCQ	peptide		junction					{"source": "asneo"}
asneo		hg19		EELEDELQG	peptide		junction					{"source": "asneo"}
asneo		hg19		WPQFEEEEW	peptide		junction					{"source": "asneo"}
asneo		hg19		KHSQARGEL	peptide		junction					{"source": "asneo"}
asneo		hg19		PEALILQPKP	peptide		junction					{"source": "asneo"}
asneo		hg19		DLEARLEEE	peptide		junction					{"source": "asneo"}
asneo		hg19		RSLRSSWRRR	peptide		junction					{"source": "asneo"}
asneo		hg19		SSTKRSTSTGQ	peptide		junction					{"source": "asneo"}
asneo		hg19		KVNKKELEKDF	peptide		junction					{"source": "asneo"}
asneo		hg19		MRQKHSQARG	peptide		junction					{"source": "asneo"}
asneo		hg19		SKVNKKEL	peptide		junction					{"source": "asneo"}
asneo		hg19		HTQVSPKKAH	peptide		junction					{"source": "asneo"}
asneo		hg19		LEELEDELQGR	peptide		junction					{"source": "asneo"}
asneo		hg19		GKGYKGETKKL	peptide		junction					{"source": "asneo"}
asneo		hg19		KRSTSTGQG	peptide		junction					{"source": "asneo"}
asneo		hg19		SPKKAHLME	peptide		junction					{"source": "asneo"}
asneo		hg19		SDIGVSGEPH	peptide		junction					{"source": "asneo"}
asneo		hg19		AHTQVSPKKA	peptide		junction					{"source": "asneo"}
asneo		hg19		IGVSGEPHPAA	peptide		junction					{"source": "asneo"}
asneo		hg19		MFILEQGTH	peptide		junction					{"source": "asneo"}
asneo		hg19		EMMARVEE	peptide		junction					{"source": "asneo"}
asneo		hg19		AFTKYCQVIRV	peptide		junction					{"source": "asneo"}
asneo		hg19		SKPKKAKKK	peptide		junction					{"source": "asneo"}
asneo		hg19		EITPDNQS	peptide		junction					{"source": "asneo"}
asneo		hg19		KKASKPKKAK	peptide		junction					{"source": "asneo"}
asneo		hg19		DELQGRDEQS	peptide		junction					{"source": "asneo"}
asneo		hg19		STSTGQGA	peptide		junction					{"source": "asneo"}
asneo		hg19		PGSKVNKKELE	peptide		junction					{"source": "asneo"}
asneo		hg19		PKKAKKKLA	peptide		junction					{"source": "asneo"}
asneo		hg19		GVSGEPHPAAW	peptide		junction					{"source": "asneo"}
asneo		hg19		TGQGANDMA	peptide		junction					{"source": "asneo"}
asneo		hg19		ILQPKPVD	peptide		junction					{"source": "asneo"}
asneo		hg19		QARGELAN	peptide		junction					{"source": "asneo"}
asneo		hg19		WRRLATVEEI	peptide		junction					{"source": "asneo"}
asneo		hg19		PDNQSDGG	peptide		junction					{"source": "asneo"}
asneo		hg19		RRRRRCSRT	peptide		junction					{"source": "asneo"}
asneo		hg19		SKPKKAKK	peptide		junction					{"source": "asneo"}
asneo		hg19		VSGEPHPAAW	peptide		junction					{"source": "asneo"}
asneo		hg19		LSPEITPDNQS	peptide		junction					{"source": "asneo"}
asneo		hg19		SDIGVSGE	peptide		junction					{"source": "asneo"}
asneo		hg19		DLIDQKVYEI	peptide		junction					{"source": "asneo"}
asneo		hg19		MNWPQFEEEEW	peptide		junction					{"source": "asneo"}
asneo		hg19		SGEPHPAAWE	peptide		junction					{"source": "asneo"}
asneo		hg19		GQEHDELSK	peptide		junction					{"source": "asneo"}
asneo		hg19		QWWRRRRRCSR	peptide		junction					{"source": "asneo"}
asneo		hg19		SKRALEQQS	peptide		junction					{"source": "asneo"}
asneo		hg19		NKKELEKDFSS	peptide		junction					{"source": "asneo"}
asneo		hg19		ICHDLEARLEE	peptide		junction					{"source": "asneo"}
asneo		hg19		MRQKHSQAR	peptide		junction					{"source": "asneo"}
asneo		hg19		PDNQSDGGGTL	peptide		junction					{"source": "asneo"}
asneo		hg19		GVSGEPHPA	peptide		junction					{"source": "asneo"}
asneo		hg19		KGKGYKGETKK	peptide		junction					{"source": "asneo"}
asneo		hg19		ALILQPKPV	peptide		junction					{"source": "asneo"}
asneo		hg19		RNWQWWRR	peptide		junction					{"source": "asneo"}
asneo		hg19		MARVEEEEERC	peptide		junction					{"source": "asneo"}
asneo		hg19		RRRAPGRSCSW	peptide		junction					{"source": "asneo"}
asneo		hg19		FILEQGTHPKF	peptide		junction					{"source": "asneo"}
asneo		hg19		EEEWSADL	peptide		junction					{"source": "asneo"}
asneo		hg19		ILQPKPVDTF	peptide		junction					{"source": "asneo"}
asneo		hg19		AHTQVSPKK	peptide		junction					{"source": "asneo"}
asneo		hg19		QVSPKKAHLM	peptide		junction					{"source": "asneo"}
asneo		hg19		EEVKRDISA	peptide		junction					{"source": "asneo"}
asneo		hg19		QEEEMMARV	peptide		junction					{"source": "asneo"}
asneo		hg19		SKPKKAKKKLA	peptide		junction					{"source": "asneo"}
asneo		hg19		ENEEESEAK	peptide		junction					{"source": "asneo"}
asneo		hg19		WPQFEEEEWS	peptide		junction					{"source": "asneo"}
asneo		hg19		GETKKLPRKT	peptide		junction					{"source": "asneo"}
asneo		hg19		TQVSPKKA	peptide		junction					{"source": "asneo"}
asneo		hg19		KVNKKELE	peptide		junction					{"source": "asneo"}
asneo		hg19		GLRETWRCT	peptide		junction					{"source": "asneo"}
asneo		hg19		LRNWQWWRR	peptide		junction					{"source": "asneo"}
asneo		hg19		EEVKRDIS	peptide		junction					{"source": "asneo"}
asneo		hg19		SPQHIYLSA	peptide		junction					{"source": "asneo"}
asneo		hg19		KRSTSTGQGAN	peptide		junction					{"source": "asneo"}
asneo		hg19		ATVEEILDG	peptide		junction					{"source": "asneo"}
asneo		hg19		HTMFILEQGT	peptide		junction					{"source": "asneo"}
asneo		hg19		ICHDLEARLE	peptide		junction					{"source": "asneo"}
asneo		hg19		QQSEEKKKQLV	peptide		junction					{"source": "asneo"}
asneo		hg19		RRRRAPGRSC	peptide		junction					{"source": "asneo"}
asneo		hg19		GYKGETKKLPR	peptide		junction					{"source": "asneo"}
asneo		hg19		SLSPEITPD	peptide		junction					{"source": "asneo"}
asneo		hg19		RRRRRCSRTS	peptide		junction					{"source": "asneo"}
asneo		hg19		TKGKGYKGETK	peptide		junction					{"source": "asneo"}
asneo		hg19		KELEKDFSSM	peptide		junction					{"source": "asneo"}
asneo		hg19		VSRRSSEEVKR	peptide		junction					{"source": "asneo"}
asneo		hg19		STSTGQGANDM	peptide		junction					{"source": "asneo"}
asneo		hg19		TSRSLRSSWR	peptide		junction					{"source": "asneo"}
asneo		hg19		EALILQPKPV	peptide		junction					{"source": "asneo"}
asneo		hg19		DLEARLEEEES	peptide		junction					{"source": "asneo"}
asneo		hg19		AHTQVSPK	peptide		junction					{"source": "asneo"}
asneo		hg19		EARLEEEESA	peptide		junction					{"source": "asneo"}
asneo		hg19		RLATVEEILDG	peptide		junction					{"source": "asneo"}
asneo		hg19		FALPSPQHIY	peptide		junction					{"source": "asneo"}
asneo		hg19		PQHIYLSARID	peptide		junction					{"source": "asneo"}
asneo		hg19		SRTSRSLR	peptide		junction					{"source": "asneo"}
asneo		hg19		RLEEEESARQK	peptide		junction					{"source": "asneo"}
asneo		hg19		SGEPHPAAWEM	peptide		junction					{"source": "asneo"}
asneo		hg19		MARVEEEEER	peptide		junction					{"source": "asneo"}
asneo		hg19		HDELSKMEDED	peptide		junction					{"source": "asneo"}
asneo		hg19		ITPDNQSDGGG	peptide		junction					{"source": "asneo"}
asneo		hg19		RRAPGRSCSW	peptide		junction					{"source": "asneo"}
asneo		hg19		DELSKMEDE	peptide		junction					{"source": "asneo"}
asneo		hg19		TVEEILDGN	peptide		junction					{"source": "asneo"}
asneo		hg19		SKKKAFTKYCQ	peptide		junction					{"source": "asneo"}
asneo		hg19		TKGKGYKGET	peptide		junction					{"source": "asneo"}
asneo		hg19		TPDNQSDGGGT	peptide		junction					{"source": "asneo"}
asneo		hg19		FALPSPQHIYL	peptide		junction					{"source": "asneo"}
asneo		hg19		EEGENEEESE	peptide		junction					{"source": "asneo"}
asneo		hg19		LPSPQHIYL	peptide		junction					{"source": "asneo"}
asneo		hg19		SLRSSWRRRRA	peptide		junction					{"source": "asneo"}
asneo		hg19		SSEEVKRD	peptide		junction					{"source": "asneo"}
asneo		hg19		RALEQQSEE	peptide		junction					{"source": "asneo"}
asneo		hg19		LQPKPVDTFR	peptide		junction					{"source": "asneo"}
asneo		hg19		LEDELQGR	peptide		junction					{"source": "asneo"}
asneo		hg19		LATVEEIL	peptide		junction					{"source": "asneo"}
asneo		hg19		ELSKMEDED	peptide		junction					{"source": "asneo"}
asneo		hg19		EARLEEEES	peptide		junction					{"source": "asneo"}
asneo		hg19		GEPHPAAWE	peptide		junction					{"source": "asneo"}
asneo		hg19		KHSQARGELA	peptide		junction					{"source": "asneo"}
asneo		hg19		HDLEARLEEE	peptide		junction					{"source": "asneo"}
asneo		hg19		RSLRSSWRRRR	peptide		junction					{"source": "asneo"}
asneo		hg19		FILEQGTH	peptide		junction					{"source": "asneo"}
asneo		hg19		TQVSPKKAHL	peptide		junction					{"source": "asneo"}
asneo		hg19		EHDELSKME	peptide		junction					{"source": "asneo"}
asneo		hg19		DELQGRDEQ	peptide		junction					{"source": "asneo"}
asneo		hg19		SQARGELANE	peptide		junction					{"source": "asneo"}
asneo		hg19		RRLATVEEIL	peptide		junction					{"source": "asneo"}
asneo		hg19		GENEEESE	peptide		junction					{"source": "asneo"}
asneo		hg19		GVSGEPHP	peptide		junction					{"source": "asneo"}
asneo		hg19		RRAPGRSCS	peptide		junction					{"source": "asneo"}
asneo		hg19		KGYKGETKK	peptide		junction					{"source": "asneo"}
asneo		hg19		EEMMARVEE	peptide		junction					{"source": "asneo"}
asneo		hg19		SPEITPDNQSD	peptide		junction					{"source": "asneo"}
asneo		hg19		EQLLLHSQES	peptide		junction					{"source": "asneo"}
asneo		hg19		WRRRRAPG	peptide		junction					{"source": "asneo"}
asneo		hg19		ARLEEEESA	peptide		junction					{"source": "asneo"}
asneo		hg19		IGVSGEPHP	peptide		junction					{"source": "asneo"}
asneo		hg19		LEQGTHPKF	peptide		junction					{"source": "asneo"}
asneo		hg19		ATVEEILDGN	peptide		junction					{"source": "asneo"}
asneo		hg19		SSWRRRRAPG	peptide		junction					{"source": "asneo"}
asneo		hg19		QWWRRRRR	peptide		junction					{"source": "asneo"}
asneo		hg19		PDNQSDGGG	peptide		junction					{"source": "asneo"}
asneo		hg19		RALEQQSEEK	peptide		junction					{"source": "asneo"}
asneo		hg19		EITPDNQSDG	peptide		junction					{"source": "asneo"}
asneo		hg19		VSPKKAHLMEI	peptide		junction					{"source": "asneo"}
asneo		hg19		IGVSGEPH	peptide		junction					{"source": "asneo"}
asneo		hg19		ALILQPKP	peptide		junction					{"source": "asneo"}
asneo		hg19		SKMEDEDE	peptide		junction					{"source": "asneo"}
asneo		hg19		EEVKRDISAQ	peptide		junction					{"source": "asneo"}
asneo		hg19		AVLSDIGVSGE	peptide		junction					{"source": "asneo"}
asneo		hg19		LIDQKVYEIQ	peptide		junction					{"source": "asneo"}
asneo		hg19		PEITPDNQSD	peptide		junction					{"source": "asneo"}
asneo		hg19		LKLRNWQWWRR	peptide		junction					{"source": "asneo"}
asneo		hg19		GVTKGKGYKGE	peptide		junction					{"source": "asneo"}
asneo		hg19		PHPAAWEMHS	peptide		junction					{"source": "asneo"}
asneo		hg19		CHDLEARLE	peptide		junction					{"source": "asneo"}
asneo		hg19		GDEEGENEEES	peptide		junction					{"source": "asneo"}
asneo		hg19		LSPEITPD	peptide		junction					{"source": "asneo"}
asneo		hg19		HTQVSPKKAHL	peptide		junction					{"source": "asneo"}
asneo		hg19		VIRVIAHTQV	peptide		junction					{"source": "asneo"}
asneo		hg19		SKPKKAKKKL	peptide		junction					{"source": "asneo"}
asneo		hg19		QPKPVDTF	peptide		junction					{"source": "asneo"}
asneo		hg19		LIDQKVYEI	peptide		junction					{"source": "asneo"}
asneo		hg19		WRRRRRCSR	peptide		junction					{"source": "asneo"}
asneo		hg19		EDELQGRDE	peptide		junction					{"source": "asneo"}
asneo		hg19		NWQWWRRRRR	peptide		junction					{"source": "asneo"}
asneo		hg19		KRALEQQSE	peptide		junction					{"source": "asneo"}
asneo		hg19		SDLIDQKVYEI	peptide		junction					{"source": "asneo"}
asneo		hg19		WRRRRAPGRSC	peptide		junction					{"source": "asneo"}
asneo		hg19		EVKRDISAQ	peptide		junction					{"source": "asneo"}
asneo		hg19		SPQHIYLSARI	peptide		junction					{"source": "asneo"}
asneo		hg19		LRSSWRRRRA	peptide		junction					{"source": "asneo"}
asneo		hg19		NWQWWRRRRRC	peptide		junction					{"source": "asneo"}
asneo		hg19		ILEQGTHPKFQ	peptide		junction					{"source": "asneo"}
asneo		hg19		KKAFTKYCQV	peptide		junction					{"source": "asneo"}
asneo		hg19		KPKKAKKK	peptide		junction					{"source": "asneo"}
asneo		hg19		ARLEEEESARQ	peptide		junction					{"source": "asneo"}
asneo		hg19		PGSKVNKKEL	peptide		junction					{"source": "asneo"}
asneo		hg19		RCSRTSRS	peptide		junction					{"source": "asneo"}
asneo		hg19		GENEEESEAKR	peptide		junction					{"source": "asneo"}
asneo		hg19		ILEQGTHP	peptide		junction					{"source": "asneo"}
asneo		hg19		TMFILEQGT	peptide		junction					{"source": "asneo"}
asneo		hg19		ASKPKKAKKK	peptide		junction					{"source": "asneo"}
asneo		hg19		CHDLEARL	peptide		junction					{"source": "asneo"}
asneo		hg19		QKHSQARGEL	peptide		junction					{"source": "asneo"}
asneo		hg19		MEQLLLHSQES	peptide		junction					{"source": "asneo"}
asneo		hg19		GEPHPAAW	peptide		junction					{"source": "asneo"}
asneo		hg19		HDELSKMED	peptide		junction					{"source": "asneo"}
asneo		hg19		QEMRQKHSQAR	peptide		junction					{"source": "asneo"}
asneo		hg19		ELQGRDEQS	peptide		junction					{"source": "asneo"}
asneo		hg19		RQEEEMMARV	peptide		junction					{"source": "asneo"}
asneo		hg19		QKHSQARGELA	peptide		junction					{"source": "asneo"}
asneo		hg19		GYKGETKK	peptide		junction					{"source": "asneo"}
asneo		hg19		TSTGQGANDM	peptide		junction					{"source": "asneo"}
asneo		hg19		WQWWRRRRRCS	peptide		junction					{"source": "asneo"}
asneo		hg19		GQEHDELSKME	peptide		junction					{"source": "asneo"}
asneo		hg19		IAHTQVSP	peptide		junction					{"source": "asneo"}
asneo		hg19		SPKKAHLMEI	peptide		junction					{"source": "asneo"}
asneo		hg19		MNWPQFEEE	peptide		junction					{"source": "asneo"}
asneo		hg19		EALILQPKP	peptide		junction					{"source": "asneo"}
asneo		hg19		VIAHTQVSPK	peptide		junction					{"source": "asneo"}
asneo		hg19		PHPAAWEM	peptide		junction					{"source": "asneo"}
asneo		hg19		KKASKPKKAKK	peptide		junction					{"source": "asneo"}
asneo		hg19		WRRRRAPGR	peptide		junction					{"source": "asneo"}
asneo		hg19		YKGETKKLP	peptide		junction					{"source": "asneo"}
asneo		hg19		EMMARVEEEEE	peptide		junction					{"source": "asneo"}
asneo		hg19		NEEESEAKRL	peptide		junction					{"source": "asneo"}
asneo		hg19		SQARGELAN	peptide		junction					{"source": "asneo"}
asneo		hg19		ALEQQSEE	peptide		junction					{"source": "asneo"}
asneo		hg19		EITPDNQSD	peptide		junction					{"source": "asneo"}
asneo		hg19		SLRSSWRR	peptide		junction					{"source": "asneo"}
asneo		hg19		KKELEKDF	peptide		junction					{"source": "asneo"}
asneo		hg19		KPKKAKKKLAA	peptide		junction					{"source": "asneo"}
asneo		hg19		LQPKPVDT	peptide		junction					{"source": "asneo"}
asneo		hg19		ALPSPQHIYLS	peptide		junction					{"source": "asneo"}
asneo		hg19		EEGENEEESEA	peptide		junction					{"source": "asneo"}
asneo		hg19		KRSTSTGQGA	peptide		junction					{"source": "asneo"}
asneo		hg19		AMNWPQFEEEE	peptide		junction					{"source": "asneo"}
asneo		hg19		EQQSEEKKKQ	peptide		junction					{"source": "asneo"}
asneo		hg19		MFILEQGT	peptide		junction					{"source": "asneo"}
asneo		hg19		KHSQARGE	peptide		junction					{"source": "asneo"}
asneo		hg19		ELEKDFSS	peptide		junction					{"source": "asneo"}
asneo		hg19		RRRCSRTSR	peptide		junction					{"source": "asneo"}
asneo		hg19		QEEEMMARVE	peptide		junction					{"source": "asneo"}
asneo		hg19		PGRSCSWR	peptide		junction					{"source": "asneo"}
asneo		hg19		QLEELEDELQG	peptide		junction					{"source": "asneo"}
asneo		hg19		MRQKHSQARGE	peptide		junction					{"source": "asneo"}
asneo		hg19		LIDQKVYEIQD	peptide		junction					{"source": "asneo"}
asneo		hg19		LATVEEILDGN	peptide		junction					{"source": "asneo"}
asneo		hg19		MMARVEEE	peptide		junction					{"source": "asneo"}
asneo		hg19		LSKMEDEDEQ	peptide		junction					{"source": "asneo"}
asneo		hg19		LSKMEDEDEQG	peptide		junction					{"source": "asneo"}
asneo		hg19		VLSDIGVSGEP	peptide		junction					{"source": "asneo"}
asneo		hg19		KKELEKDFS	peptide		junction					{"source": "asneo"}
asneo		hg19		RRSSEEVKRD	peptide		junction					{"source": "asneo"}
asneo		hg19		WRRLATVEEIL	peptide		junction					{"source": "asneo"}
asneo		hg19		YKGETKKLPRK	peptide		junction					{"source": "asneo"}
asneo		hg19		RSSWRRRRA	peptide		junction					{"source": "asneo"}
asneo		hg19		LRETWRCT	peptide		junction					{"source": "asneo"}
asneo		hg19		EEEWSADLN	peptide		junction					{"source": "asneo"}
asneo		hg19		IAHTQVSPKK	peptide		junction					{"source": "asneo"}
asneo		hg19		RQEEEMMAR	peptide		junction					{"source": "asneo"}
asneo		hg19		PKKAHLME	peptide		junction					{"source": "asneo"}
asneo		hg19		LATVEEILDG	peptide		junction					{"source": "asneo"}
asneo		hg19		EGENEEESEAK	peptide		junction					{"source": "asneo"}
asneo		hg19		EVKRDISA	peptide		junction					{"source": "asneo"}
asneo		hg19		LATVEEILD	peptide		junction					{"source": "asneo"}
asneo		hg19		SPQHIYLSAR	peptide		junction					{"source": "asneo"}
asneo		hg19		KGYKGETK	peptide		junction					{"source": "asneo"}
asneo		hg19		VKRDISAQEG	peptide		junction					{"source": "asneo"}
asneo		hg19		HDELSKME	peptide		junction					{"source": "asneo"}
asneo		hg19		NWPQFEEEEW	peptide		junction					{"source": "asneo"}
asneo		hg19		FEEEEWSADL	peptide		junction					{"source": "asneo"}
asneo		hg19		ENEEESEAKR	peptide		junction					{"source": "asneo"}
asneo		hg19		QFEEEEWSAD	peptide		junction					{"source": "asneo"}
asneo		hg19		KHSQARGELAN	peptide		junction					{"source": "asneo"}
asneo		hg19		KGETKKLPRK	peptide		junction					{"source": "asneo"}
asneo		hg19		KGKGYKGETK	peptide		junction					{"source": "asneo"}
asneo		hg19		WQWWRRRRR	peptide		junction					{"source": "asneo"}
asneo		hg19		QARGELANEVK	peptide		junction					{"source": "asneo"}
asneo		hg19		QLLLHSQES	peptide		junction					{"source": "asneo"}
asneo		hg19		QQSEEKKK	peptide		junction					{"source": "asneo"}
asneo		hg19		VSGEPHPA	peptide		junction					{"source": "asneo"}
asneo		hg19		PKKAHLMEIQ	peptide		junction					{"source": "asneo"}
asneo		hg19		EALILQPKPVD	peptide		junction					{"source": "asneo"}
asneo		hg19		STKRSTSTGQ	peptide		junction					{"source": "asneo"}
asneo		hg19		RRRRAPGR	peptide		junction					{"source": "asneo"}
asneo		hg19		LRSSWRRRRAP	peptide		junction					{"source": "asneo"}
asneo		hg19		ALPSPQHIY	peptide		junction					{"source": "asneo"}
asneo		hg19		SPEITPDNQ	peptide		junction					{"source": "asneo"}
asneo		hg19		TSTGQGAN	peptide		junction					{"source": "asneo"}
asneo		hg19		AFTKYCQVIR	peptide		junction					{"source": "asneo"}
asneo		hg19		PKPVDTFRV	peptide		junction					{"source": "asneo"}
asneo		hg19		ILQPKPVDTFR	peptide		junction					{"source": "asneo"}
asneo		hg19		TVEEILDGND	peptide		junction					{"source": "asneo"}
asneo		hg19		RSTSTGQGAND	peptide		junction					{"source": "asneo"}
asneo		hg19		KGKGYKGE	peptide		junction					{"source": "asneo"}
asneo		hg19		ARLEEEES	peptide		junction					{"source": "asneo"}
asneo		hg19		VKRDISAQ	peptide		junction					{"source": "asneo"}
asneo		hg19		VKRDISAQE	peptide		junction					{"source": "asneo"}
asneo		hg19		TSRSLRSSWRR	peptide		junction					{"source": "asneo"}
asneo		hg19		TVEEILDG	peptide		junction					{"source": "asneo"}
asneo		hg19		STKRSTSTGQG	peptide		junction					{"source": "asneo"}
asneo		hg19		PKPVDTFR	peptide		junction					{"source": "asneo"}
asneo		hg19		DELSKMEDEDE	peptide		junction					{"source": "asneo"}
asneo		hg19		EKSKRALEQQS	peptide		junction					{"source": "asneo"}
asneo		hg19		SPQHIYLS	peptide		junction					{"source": "asneo"}
asneo		hg19		EHDELSKMED	peptide		junction					{"source": "asneo"}
asneo		hg19		ATVEEILDGND	peptide		junction					{"source": "asneo"}
asneo		hg19		ARGELANEV	peptide		junction					{"source": "asneo"}
asneo		hg19		RQKHSQARGEL	peptide		junction					{"source": "asneo"}
asneo		hg19		TLGLRETWRC	peptide		junction					{"source": "asneo"}
asneo		hg19		LEARLEEEE	peptide		junction					{"source": "asneo"}
asneo		hg19		SSWRRRRAPGR	peptide		junction					{"source": "asneo"}
asneo		hg19		IAHTQVSPKKA	peptide		junction					{"source": "asneo"}
asneo		hg19		DELQGRDE	peptide		junction					{"source": "asneo"}
asneo		hg19		VNKKELEKD	peptide		junction					{"source": "asneo"}
asneo		hg19		ELEKDFSSM	peptide		junction					{"source": "asneo"}
asneo		hg19		EEEWSADLNR	peptide		junction					{"source": "asneo"}
asneo		hg19		EEGENEEES	peptide		junction					{"source": "asneo"}
asneo		hg19		IGVSGEPHPA	peptide		junction					{"source": "asneo"}
asneo		hg19		DEEGENEEES	peptide		junction					{"source": "asneo"}
asneo		hg19		SSEEVKRDI	peptide		junction					{"source": "asneo"}
asneo		hg19		SWRRRRAPGRS	peptide		junction					{"source": "asneo"}
asneo		hg19		DIGVSGEP	peptide		junction					{"source": "asneo"}
asneo		hg19		FTKYCQVI	peptide		junction					{"source": "asneo"}
asneo		hg19		ARGELANEVKV	peptide		junction					{"source": "asneo"}
asneo		hg19		FTKYCQVIRVI	peptide		junction					{"source": "asneo"}
asneo		hg19		RNWQWWRRRR	peptide		junction					{"source": "asneo"}
asneo		hg19		EEEEWSAD	peptide		junction					{"source": "asneo"}
asneo		hg19		PEITPDNQ	peptide		junction					{"source": "asneo"}
asneo		hg19		QFEEEEWS	peptide		junction					{"source": "asneo"}
asneo		hg19		TMFILEQG	peptide		junction					{"source": "asneo"}
asneo		hg19		CSRTSRSLRSS	peptide		junction					{"source": "asneo"}
asneo		hg19		VSRQEEEMMAR	peptide		junction					{"source": "asneo"}
asneo		hg19		ARLEEEESAR	peptide		junction					{"source": "asneo"}
asneo		hg19		LSDIGVSGEPH	peptide		junction					{"source": "asneo"}
asneo		hg19		SWRRRRAP	peptide		junction					{"source": "asneo"}
asneo		hg19		PKKAHLMEI	peptide		junction					{"source": "asneo"}
asneo		hg19		RAPGRSCSWR	peptide		junction					{"source": "asneo"}
asneo		hg19		RRRRRCSRTSR	peptide		junction					{"source": "asneo"}
asneo		hg19		KGETKKLPR	peptide		junction					{"source": "asneo"}
asneo		hg19		RRSSEEVKRDI	peptide		junction					{"source": "asneo"}
asneo		hg19		HSQARGEL	peptide		junction					{"source": "asneo"}
asneo		hg19		NWPQFEEEE	peptide		junction					{"source": "asneo"}
asneo		hg19		SKRALEQQSEE	peptide		junction					{"source": "asneo"}
asneo		hg19		SKMEDEDEQG	peptide		junction					{"source": "asneo"}
asneo		hg19		EQQSEEKK	peptide		junction					{"source": "asneo"}
asneo		hg19		EPHPAAWEM	peptide		junction					{"source": "asneo"}
asneo		hg19		EMMARVEEEE	peptide		junction					{"source": "asneo"}
asneo		hg19		VTKGKGYKGET	peptide		junction					{"source": "asneo"}
asneo		hg19		SWRRRRAPGR	peptide		junction					{"source": "asneo"}
asneo		hg19		LEQQSEEKK	peptide		junction					{"source": "asneo"}
asneo		hg19		SPKKAHLMEIQ	peptide		junction					{"source": "asneo"}
asneo		hg19		EVKRDISAQEG	peptide		junction					{"source": "asneo"}
asneo		hg19		TKRSTSTGQGA	peptide		junction					{"source": "asneo"}
asneo		hg19		NKKELEKDF	peptide		junction					{"source": "asneo"}
asneo		hg19		WQWWRRRR	peptide		junction					{"source": "asneo"}
asneo		hg19		RRRRCSRT	peptide		junction					{"source": "asneo"}
asneo		hg19		STGQGANDMAL	peptide		junction					{"source": "asneo"}
asneo		hg19		LWRRLATVEEI	peptide		junction					{"source": "asneo"}
asneo		hg19		LRNWQWWRRRR	peptide		junction					{"source": "asneo"}
asneo		hg19		EEEMMARVE	peptide		junction					{"source": "asneo"}
asneo		hg19		KLRNWQWWRRR	peptide		junction					{"source": "asneo"}
asneo		hg19		PKKAKKKL	peptide		junction					{"source": "asneo"}
asneo		hg19		ITPDNQSDGG	peptide		junction					{"source": "asneo"}
asneo		hg19		GSKVNKKEL	peptide		junction					{"source": "asneo"}
asneo		hg19		TSTGQGAND	peptide		junction					{"source": "asneo"}
asneo		hg19		SRSLRSSW	peptide		junction					{"source": "asneo"}
asneo		hg19		RVIAHTQV	peptide		junction					{"source": "asneo"}
asneo		hg19		RRCSRTSRSLR	peptide		junction					{"source": "asneo"}
asneo		hg19		GYKGETKKL	peptide		junction					{"source": "asneo"}
asneo		hg19		RSSEEVKRDIS	peptide		junction					{"source": "asneo"}
asneo		hg19		SKVNKKELEK	peptide		junction					{"source": "asneo"}
asneo		hg19		ELSKMEDE	peptide		junction					{"source": "asneo"}
asneo		hg19		PKKAKKKLAAT	peptide		junction					{"source": "asneo"}
asneo		hg19		LGLRETWR	peptide		junction					{"source": "asneo"}
asneo		hg19		RRRAPGRS	peptide		junction					{"source": "asneo"}
asneo		hg19		GKGYKGETK	peptide		junction					{"source": "asneo"}
asneo		hg19		KGETKKLPRKT	peptide		junction					{"source": "asneo"}
asneo		hg19		NEEESEAKRLA	peptide		junction					{"source": "asneo"}
asneo		hg19		ETKKLPRKTHR	peptide		junction					{"source": "asneo"}
asneo		hg19		EEEEWSADLNR	peptide		junction					{"source": "asneo"}
asneo		hg19		LRNWQWWRRR	peptide		junction					{"source": "asneo"}
asneo		hg19		KKKAFTKYCQ	peptide		junction					{"source": "asneo"}
asneo		hg19		PQFEEEEWS	peptide		junction					{"source": "asneo"}
asneo		hg19		ILEQGTHPKF	peptide		junction					{"source": "asneo"}
asneo		hg19		RFALPSPQHIY	peptide		junction					{"source": "asneo"}
asneo		hg19		TKYCQVIRV	peptide		junction					{"source": "asneo"}
asneo		hg19		VSRRSSEEVK	peptide		junction					{"source": "asneo"}
asneo		hg19		GKGYKGET	peptide		junction					{"source": "asneo"}
asneo		hg19		RNWQWWRRRRR	peptide		junction					{"source": "asneo"}
asneo		hg19		SDIGVSGEP	peptide		junction					{"source": "asneo"}
asneo		hg19		LSKMEDEDE	peptide		junction					{"source": "asneo"}
asneo		hg19		CHDLEARLEEE	peptide		junction					{"source": "asneo"}
asneo		hg19		HPAAWEMHS	peptide		junction					{"source": "asneo"}
asneo		hg19		LGLRETWRCTV	peptide		junction					{"source": "asneo"}
asneo		hg19		KLRNWQWWRR	peptide		junction					{"source": "asneo"}
asneo		hg19		ARGELANEVK	peptide		junction					{"source": "asneo"}
asneo		hg19		GRSCSWRR	peptide		junction					{"source": "asneo"}
asneo		hg19		PDNQSDGGGT	peptide		junction					{"source": "asneo"}
asneo		hg19		GENEEESEA	peptide		junction					{"source": "asneo"}
asneo		hg19		KKKAFTKYCQV	peptide		junction					{"source": "asneo"}
asneo		hg19		SRTSRSLRSS	peptide		junction					{"source": "asneo"}
asneo		hg19		HTQVSPKK	peptide		junction					{"source": "asneo"}
asneo		hg19		AFTKYCQV	peptide		junction					{"source": "asneo"}
asneo		hg19		SLRSSWRRR	peptide		junction					{"source": "asneo"}
asneo		hg19		EMRQKHSQAR	peptide		junction					{"source": "asneo"}
asneo		hg19		MMARVEEEEER	peptide		junction					{"source": "asneo"}
asneo		hg19		EGENEEESEA	peptide		junction					{"source": "asneo"}
asneo		hg19		FTKYCQVIRV	peptide		junction					{"source": "asneo"}
asneo		hg19		SKMEDEDEQ	peptide		junction					{"source": "asneo"}
asneo		hg19		RLEEEESAR	peptide		junction					{"source": "asneo"}
asneo		hg19		EEEEWSADL	peptide		junction					{"source": "asneo"}
asneo		hg19		MFILEQGTHPK	peptide		junction					{"source": "asneo"}
asneo		hg19		LEQQSEEK	peptide		junction					{"source": "asneo"}
asneo		hg19		KAFTKYCQV	peptide		junction					{"source": "asneo"}
asneo		hg19		LEARLEEEES	peptide		junction					{"source": "asneo"}
asneo		hg19		GETKKLPRK	peptide		junction					{"source": "asneo"}
asneo		hg19		PQHIYLSARI	peptide		junction					{"source": "asneo"}
asneo		hg19		HTMFILEQGTH	peptide		junction					{"source": "asneo"}
asneo		hg19		KAFTKYCQVIR	peptide		junction					{"source": "asneo"}
asneo		hg19		SPEITPDNQS	peptide		junction					{"source": "asneo"}
asneo		hg19		RRRRCSRTS	peptide		junction					{"source": "asneo"}
asneo		hg19		RRRAPGRSC	peptide		junction					{"source": "asneo"}
asneo		hg19		RTLGLRETWRC	peptide		junction					{"source": "asneo"}
asneo		hg19		KASKPKKAKKK	peptide		junction					{"source": "asneo"}
asneo		hg19		KRALEQQS	peptide		junction					{"source": "asneo"}
asneo		hg19		QEHDELSK	peptide		junction					{"source": "asneo"}
asneo		hg19		LEDELQGRDE	peptide		junction					{"source": "asneo"}
asneo		hg19		PQFEEEEWSA	peptide		junction					{"source": "asneo"}
asneo		hg19		AHTQVSPKKAH	peptide		junction					{"source": "asneo"}
asneo		hg19		QWWRRRRRCS	peptide		junction					{"source": "asneo"}
asneo		hg19		RQEEEMMARVE	peptide		junction					{"source": "asneo"}
asneo		hg19		TGQGANDMALA	peptide		junction					{"source": "asneo"}
asneo		hg19		RLEEEESARQ	peptide		junction					{"source": "asneo"}
asneo		hg19		ALEQQSEEK	peptide		junction					{"source": "asneo"}
asneo		hg19		VSPKKAHLME	peptide		junction					{"source": "asneo"}
asneo		hg19		LEQQSEEKKKQ	peptide		junction					{"source": "asneo"}
asneo		hg19		RRLATVEEI	peptide		junction					{"source": "asneo"}
asneo		hg19		ASKPKKAKK	peptide		junction					{"source": "asneo"}
asneo		hg19		SVSRRSSEEV	peptide		junction					{"source": "asneo"}
