patient_id	sample_id	sample_type	fastq1	fastq2	serology_A1	serology_A2	serology_B1	serology_B2	serology_C1	serology_C2
# Boston Gene osteosarcoma BG003082, paired-end RNA-seq (Nov 2022).
# No matched RNA-seq normal — all unannotated junctions labeled tumor_exclusive.
# WES blood normal included for HLA typing only (OptiType --rna tolerates WES).
# FASTQs are publicly downloadable from the Backblaze B2 bucket via HTTPS.
# Dataset migrated from gs://osteosarc-genomics to B2 in Apr 2025.
# Serology (Red Cross): A*01:01/A*01:11N, B*08:01/B*27:05, C*01:02/C*07:01.
# A*01:11N is a null allele (not expressed); excluded from prediction, shown in QC.
patient_002	BG003082_T0	Primary Tumor	https://b2.osteosarc.com/rna-seq/fastq/bostongene_2022/202211_bostongene_tumor_rna_BG003082_R1.fastq.gz	https://b2.osteosarc.com/rna-seq/fastq/bostongene_2022/202211_bostongene_tumor_rna_BG003082_R2.fastq.gz
patient_002	BG003082_N0_WES	Blood Derived Normal	https://b2.osteosarc.com/genomics/genomics-bulk/2022.12.16/DNA/2022.12.16.dna.bostongene.WES/fastqs/normal-blood/BG003082_WES-normal_1.fastq.gz	https://b2.osteosarc.com/genomics/genomics-bulk/2022.12.16/DNA/2022.12.16.dna.bostongene.WES/fastqs/normal-blood/BG003082_WES-normal_2.fastq.gz	HLA-A*01:01	HLA-A*01:11N	HLA-B*08:01	HLA-B*27:05	HLA-C*01:02	HLA-C*07:01
